{"cameraMode":{"drawMode":0,"name":"Shaded","section":"Shading Mode"},"sceneLighting":true,"audioPlay":false,"sceneViewState":{"m_AlwaysRefresh":false,"showFog":true,"showSkybox":true,"showFlares":true,"showImageEffects":true,"showParticleSystems":true,"showVisualEffectGraphs":true,"m_FxEnabled":true},"in2DMode":false,"pivot":{"x":-1.6416478157043458,"y":-21.013721466064454,"z":-16.90398406982422},"rotation":{"x":0.10826855152845383,"y":0.8658027648925781,"z":-0.43959280848503115,"w":0.21325671672821046},"size":17.844667434692384,"orthographic":false}