{"cameraMode":{"drawMode":0,"name":"Shaded","section":"Shading Mode"},"sceneLighting":false,"audioPlay":false,"sceneViewState":{"m_AlwaysRefresh":false,"showFog":true,"showSkybox":false,"showFlares":true,"showImageEffects":true,"showParticleSystems":true,"showVisualEffectGraphs":true,"m_FxEnabled":true},"in2DMode":false,"pivot":{"x":-13.879366874694825,"y":1.2863640785217286,"z":-2.132955551147461},"rotation":{"x":-0.03180299699306488,"y":0.6886183619499207,"z":-0.030993912369012834,"w":-0.7239935398101807},"size":2.9731898307800295,"orthographic":false}